Dataset,Base Model,Predict Func,Fmeasure Score,Hamming Accuracy,Informedness,Markedness,Negative Predictive Value,Precision Score,Recall Score,Subset Accuracy,All
emotions,LogisticRegression,Predict Fmeasure,66.1606,75.7811,76.4361,75.195,89.9567,60.4333,81.4911,20.5877,68.2552
emotions,LogisticRegression,Predict Hamming,60.4205,79.4379,73.9485,74.7792,84.7403,64.8183,62.4923,25.3107,65.74346249999999
emotions,LogisticRegression,Predict Informedness,65.8911,76.9051,76.3209,75.2999,88.7272,61.8725,78.0583,21.9322,68.1259
emotions,LogisticRegression,Predict Markedness,61.6131,77.5852,73.0222,76.4276,85.1549,67.7002,65.1652,23.6271,66.2869375
emotions,LogisticRegression,Predict NPV,52.1078,46.7402,60.333,66.7628,96.7965,36.7287,98.2863,0.0,57.2194125
emotions,LogisticRegression,Predict Precision,51.0033,76.4285,65.5505,74.9408,77.1722,72.709,41.4725,15.5253,59.3502625
emotions,LogisticRegression,Predict Recall,46.378,31.1411,50.0,15.5706,0.0,31.1411,100.0,0.0,34.27885
emotions,LogisticRegression,Predict Subset,63.2975,78.7085,74.981,75.5831,85.5702,65.5962,67.0773,27.6808,67.311825
All,,,58.3589875,67.84095,68.82402499999999,66.819875,76.01474999999999,57.6249125,74.255375,16.832975,60.821481250000005
